"SourceFile","Href"
"viden\index.html","./beslutning/hvornår-skifte-system"
"viden\baeredygtighed\baeredygtigt-fyldmateriale.html","https://smartpack.dk/viden/bæredygtighed/bæredygtigt-fyldmateriale"
"viden\baeredygtighed\co2-rapportering-fragt.html","https://smartpack.dk/viden/bæredygtighed/co2-rapportering-fragt"
"viden\baeredygtighed\fill-rate-optimering.html","https://smartpack.dk/viden/bæredygtighed/fill-rate-optimering"
"viden\baeredygtighed\groen-fragt-greenwashing.html","https://smartpack.dk/viden/bæredygtighed/groen-fragt-greenwashing"
"viden\beslutning\bedste-wms-til-webshop.html","hvordan-vælger-du-lager-software"
"viden\beslutning\flytning-stoerre-lager.html","https://smartpack.dk/viden/beslutning/flytning-større-lager"
"viden\beslutning\hvilket-setup-passer-til-dig.html","hvornår-skifte-system"
"viden\beslutning\hvordan-vælger-du-lager-software.html","https://smartpack.dk/viden/beslutning/hvordan-vælger-du-lager-software"
"viden\beslutning\hvornaar-er-lageret-godt-nok.html","https://smartpack.dk/viden/beslutning/hvornår-er-lageret-godt-nok"
"viden\beslutning\hvornår-erp-ikke-er-nok.html","https://smartpack.dk/viden/beslutning/hvornår-erp-ikke-er-nok"
"viden\beslutning\hvornår-erp-ikke-er-nok.html","hvornår-excel-fejler"
"viden\beslutning\hvornår-excel-fejler.html","https://smartpack.dk/viden/beslutning/hvornår-excel-fejler"
"viden\beslutning\hvornår-excel-fejler.html","hvornår-shopify-ikke-er-nok"
"viden\beslutning\hvornår-excel-fejler.html","hvornår-erp-ikke-er-nok"
"viden\beslutning\hvornår-shopify-ikke-er-nok.html","https://smartpack.dk/viden/beslutning/hvornår-shopify-ikke-er-nok"
"viden\beslutning\hvornår-shopify-ikke-er-nok.html","hvornår-excel-fejler"
"viden\beslutning\hvornår-skifte-system.html","https://smartpack.dk/viden/beslutning/hvornår-skifte-system"
"viden\beslutning\index.html","./hvordan-vælger-du-lager-software"
"viden\beslutning\index.html","./hvornår-erp-ikke-er-nok"
"viden\beslutning\index.html","./hvornår-excel-fejler"
"viden\beslutning\index.html","./hvornår-shopify-ikke-er-nok"
"viden\beslutning\index.html","./hvornår-skifte-system"
"viden\drift\ce-maerkning-forklaret.html","https://smartpack.dk/viden/drift/ce-mærkning-forklaret"
"viden\drift\eu-batteriforordning.html","ce-mærkning-forklaret"
"viden\drift\saesonvarer-bestillingstidspunkt.html","https://smartpack.dk/viden/drift/sæsonvarer-bestillingstidspunkt"
"viden\drift\weee-regler.html","ce-mærkning-forklaret"
"viden\hardware\anti-fatigue-maatter.html","./arbejdshøjde-pakkebord"
"viden\hardware\arbejdshoejde-pakkebord.html","https://smartpack.dk/viden/hardware/arbejdshøjde-pakkebord"
"viden\hardware\batch-picking-hjaelpemidler.html","https://smartpack.dk/viden/hardware/batch-picking-hjælpemidler"
"viden\hardware\daarlige-arbejdsstillinger-tempo.html","https://smartpack.dk/viden/hardware/dårlige-arbejdsstillinger-tempo"
"viden\hardware\daarlige-arbejdsstillinger-tempo.html","./arbejdshøjde-pakkebord"
"viden\hardware\ergonomi-fejlrate.html","./arbejdshøjde-pakkebord"
"viden\hardware\ergonomi-fejlrate.html","./dårlige-arbejdsstillinger-tempo"
"viden\hardware\ergonomi-fejlrate.html","./dårlige-arbejdsstillinger-tempo"
"viden\hardware\ergonomi-paa-lager.html","./arbejdshøjde-pakkebord"
"viden\hardware\ergonomi-paa-lager.html","./arbejdshøjde-pakkebord"
"viden\hardware\ergonomi-paa-lager.html","./arbejdshøjde-pakkebord"
"viden\hardware\plukkevogn-bestemmer-dit-tempo.html","../vaekst/hvornår-skal-du-have-wms"
"viden\okonomi\bemanding-lager.html","../vaekst/hvornår-skal-du-ansætte"
"viden\okonomi\oekonomi-i-automatisering.html","https://smartpack.dk/viden/okonomi/økonomi-i-automatisering"
"viden\personale\ansaettelse-lagerchef.html","https://smartpack.dk/viden/personale/ansættelse-lagerchef"
"viden\personale\ny-medarbejder-selvkoerende.html","https://smartpack.dk/viden/personale/ny-medarbejder-selvkørende"
"viden\personale\saesonansatte-paa-lager.html","https://smartpack.dk/viden/personale/sæsonansatte-paa-lager"
"viden\personale\vagtplan-peak-saeson.html","https://smartpack.dk/viden/personale/vagtplan-peak-sæson"
"viden\problemer\afhængighed-af-nøglemedarbejdere.html","https://smartpack.dk/viden/problemer/afhængighed-af-nøglemedarbejdere"
"viden\problemer\dårlig-onboarding-af-medarbejdere.html","https://smartpack.dk/viden/problemer/dårlig-onboarding-af-medarbejdere"
"viden\problemer\index.html","./afhængighed-af-nøglemedarbejdere"
"viden\problemer\index.html","./dårlig-onboarding-af-medarbejdere"
"viden\problemer\index.html","./lageret-kan-ikke-følge-med-vækst"
"viden\problemer\index.html","./vi-ansætter-for-hurtigt"
"viden\problemer\index.html","./vi-bruger-for-meget-tid-på-pluk"
"viden\problemer\index.html","./vi-løber-tør-for-varer"
"viden\problemer\lageret-kan-ikke-følge-med-vækst.html","https://smartpack.dk/viden/problemer/lageret-kan-ikke-følge-med-vækst"
"viden\problemer\vi-ansætter-for-hurtigt.html","https://smartpack.dk/viden/problemer/vi-ansætter-for-hurtigt"
"viden\problemer\vi-bruger-for-meget-tid-på-pluk.html","https://smartpack.dk/viden/problemer/vi-bruger-for-meget-tid-på-pluk"
"viden\problemer\vi-kan-ikke-haandtere-peaks.html","https://smartpack.dk/viden/problemer/vi-kan-ikke-håndtere-peaks"
"viden\problemer\vi-løber-tør-for-varer.html","https://smartpack.dk/viden/problemer/vi-løber-tør-for-varer"
"viden\realworld\case-skifte-wms-midt-i-saeson.html","https://smartpack.dk/viden/realworld/case-skifte-wms-midt-i-sæson"
"viden\realworld\en-dag-på-et-lager.html","https://smartpack.dk/viden/realworld/en-dag-på-et-lager"
"viden\realworld\en-dag-på-et-lager.html","hvad-gør-de-bedste-anderledes"
"viden\realworld\fra-garage-til-skalering.html","hvordan-undgår-du-at-skalere-kaos"
"viden\realworld\fra-ordre-til-levering.html","en-dag-på-et-lager"
"viden\realworld\fra-ordre-til-levering.html","hvad-gør-de-bedste-anderledes"
"viden\realworld\hvad-gør-de-bedste-anderledes.html","https://smartpack.dk/viden/realworld/hvad-gør-de-bedste-anderledes"
"viden\realworld\hvad-gør-de-bedste-anderledes.html","sådan-arbejder-top-webshops"
"viden\realworld\hvordan-lager-påvirker-kundetilfredshed.html","https://smartpack.dk/viden/realworld/hvordan-lager-påvirker-kundetilfredshed"
"viden\realworld\hvordan-lager-påvirker-kundetilfredshed.html","hvad-gør-de-bedste-anderledes"
"viden\realworld\hvordan-undgår-du-at-skalere-kaos.html","https://smartpack.dk/viden/realworld/hvordan-undgår-du-at-skalere-kaos"
"viden\realworld\hvornaar-fyre-3pl.html","https://smartpack.dk/viden/realworld/hvornår-fyre-3pl"
"viden\realworld\index.html","./en-dag-på-et-lager"
"viden\realworld\index.html","./hvad-gør-de-bedste-anderledes"
"viden\realworld\index.html","./hvordan-lager-påvirker-kundetilfredshed"
"viden\realworld\index.html","./hvordan-undgår-du-at-skalere-kaos"
"viden\realworld\index.html","./sådan-arbejder-top-webshops"
"viden\realworld\kampagner-vs-drift.html","hvordan-undgår-du-at-skalere-kaos"
"viden\realworld\lager-vs-marketing.html","hvad-gør-de-bedste-anderledes"
"viden\realworld\sådan-arbejder-top-webshops.html","https://smartpack.dk/viden/realworld/sådan-arbejder-top-webshops"
"viden\realworld\sådan-arbejder-top-webshops.html","hvad-gør-de-bedste-anderledes"
"viden\realworld\typisk-lager-evolution.html","hvordan-undgår-du-at-skalere-kaos"
"viden\realworld\typisk-lager-evolution.html","sådan-arbejder-top-webshops"
"viden\retur\returhaandtering-webshop.html","https://smartpack.dk/viden/retur/returhåndtering-webshop"
"viden\tech\ordreaendringer-annulleringer.html","https://smartpack.dk/viden/tech/ordreændringer-annulleringer"
"viden\vaekst\hvornår-automatisering-giver-mening.html","https://smartpack.dk/viden/vaekst/hvornår-automatisering-giver-mening"
"viden\vaekst\hvornår-batch-picking-stopper.html","https://smartpack.dk/viden/vaekst/hvornår-batch-picking-stopper"
"viden\vaekst\hvornår-flere-lokationer.html","https://smartpack.dk/viden/vaekst/hvornår-flere-lokationer"
"viden\vaekst\hvornår-layout-skal-ændres.html","https://smartpack.dk/viden/vaekst/hvornår-layout-skal-ændres"
"viden\vaekst\hvornår-setup-knækker.html","https://smartpack.dk/viden/vaekst/hvornår-setup-knækker"
"viden\vaekst\hvornår-skal-du-ansætte.html","https://smartpack.dk/viden/vaekst/hvornår-skal-du-ansætte"
"viden\vaekst\hvornår-skal-du-have-wms.html","https://smartpack.dk/viden/vaekst/hvornår-skal-du-have-wms"
"viden\vaekst\hvornår-skal-du-outsource-lager.html","https://smartpack.dk/viden/vaekst/hvornår-skal-du-outsource-lager"
"viden\vaekst\hvornår-skal-lager-opdeles.html","https://smartpack.dk/viden/vaekst/hvornår-skal-lager-opdeles"
"viden\vaekst\hvornår-vokser-du-fra-dit-lager.html","https://smartpack.dk/viden/vaekst/hvornår-vokser-du-fra-dit-lager"
"viden\vaekst\håndtering-af-kampagner.html","https://smartpack.dk/viden/vaekst/håndtering-af-kampagner"
"viden\vaekst\index.html","./hvornår-skal-du-have-wms"
"viden\vaekst\index.html","./hvornår-vokser-du-fra-dit-lager"
"viden\vaekst\index.html","./hvornår-setup-knækker"
"viden\vaekst\index.html","./hvornår-skal-du-ansætte"
"viden\vaekst\index.html","./hvornår-skal-du-outsource-lager"
"viden\vaekst\index.html","./hvornår-flere-lokationer"
"viden\vaekst\index.html","./hvornår-layout-skal-ændres"
"viden\vaekst\index.html","./hvornår-batch-picking-stopper"
"viden\vaekst\index.html","./håndtering-af-kampagner"
"viden\vaekst\index.html","./hvornår-automatisering-giver-mening"
"viden\vaekst\index.html","./kapacitetsgrænser-lager"
"viden\vaekst\index.html","./lagerets-rolle-i-vækst"
"viden\vaekst\index.html","./hvornår-skal-lager-opdeles"
"viden\vaekst\kapacitetsgrænser-lager.html","https://smartpack.dk/viden/vaekst/kapacitetsgrænser-lager"
"viden\vaekst\lagerets-rolle-i-vækst.html","https://smartpack.dk/viden/vaekst/lagerets-rolle-i-vækst"
